{
    "name": "All",
    "position": [
        41.881832,
        -87.623177
    ],
    "zoom": 11,
    "heat_radius": 10
}
